Time (s),Marker ID,X (mm),Y (mm),Z (mm),Yaw (deg),Pitch (deg),Roll (deg),Marker No,X ,Y ,R
0.034,,-71.16,67.52,1260.27,6.96,8.10,172.78,0.00,914.00,669.00,80.00
0.119,,-71.16,67.52,1260.27,6.96,8.10,172.78,0.00,914.00,669.00,80.00
0.179,,-71.16,67.52,1260.27,6.96,8.10,172.78,0.00,914.00,669.00,80.00
0.229,,-71.16,67.52,1260.27,6.96,8.10,172.78,0.00,914.00,669.00,80.00
0.272,,-71.16,67.52,1260.27,6.96,8.10,172.78,0.00,914.00,669.00,80.00
0.315,,-71.16,67.52,1260.27,6.96,8.10,172.78,0.00,914.00,669.00,80.00
0.360,,-71.16,67.52,1260.27,6.96,8.10,172.78,0.00,914.00,669.00,80.00
0.404,,-71.16,67.52,1260.27,6.96,8.10,172.78,0.00,914.00,669.00,80.00
0.447,,-71.16,67.52,1260.27,6.96,8.10,172.78,0.00,914.00,669.00,80.00
0.489,,-71.16,67.52,1260.27,6.96,8.10,172.78,0.00,914.00,669.00,80.00
0.537,,-71.16,67.52,1260.27,6.96,8.10,172.78,0.00,914.00,669.00,80.00
0.600,,-71.06,67.68,1254.39,7.93,-10.00,-176.71,0.00,914.00,669.00,80.00
0.648,,-72.70,68.31,1265.28,6.74,3.85,169.52,0.00,914.00,669.00,80.00
0.699,,-73.40,68.67,1254.97,7.07,4.36,170.01,0.00,914.00,669.00,80.00
0.764,,-74.55,69.74,1252.23,8.45,-15.56,-176.74,0.00,914.00,669.00,80.00
0.840,,-78.63,71.78,1252.86,8.92,-15.25,-174.72,0.00,914.00,669.00,80.00
0.919,,-80.13,72.64,1259.15,9.21,-13.68,179.75,0.00,914.00,669.00,80.00
0.972,,-83.80,73.05,1265.60,8.58,1.39,165.28,0.00,914.00,669.00,80.00
1.021,,-87.53,71.10,1244.81,9.31,1.06,165.40,0.00,914.00,669.00,80.00
1.068,,-87.33,70.51,1240.68,9.93,-13.39,-175.00,0.00,914.00,669.00,80.00
1.117,,-88.93,69.37,1246.12,9.09,4.23,166.24,0.00,914.00,669.00,80.00
1.165,,-90.25,67.02,1236.63,9.10,4.36,164.44,0.00,914.00,669.00,80.00
1.217,,-91.61,63.68,1220.04,9.84,-14.47,-170.68,0.00,914.00,669.00,80.00
1.300,,-90.31,62.26,1209.76,10.18,-14.67,-170.89,0.00,914.00,669.00,80.00
1.386,,-83.16,57.94,1195.62,8.57,-12.16,-165.68,0.00,914.00,669.00,80.00
1.435,,-41.58,43.53,1163.96,2.09,-10.10,-157.73,0.00,914.00,669.00,80.00
1.484,,-13.08,32.51,1109.43,-2.62,-12.19,-152.66,0.00,914.00,669.00,80.00
1.534,,16.20,23.55,1129.72,-5.96,-7.59,-153.11,0.00,914.00,669.00,80.00
1.581,,40.35,14.51,1107.70,-9.37,-4.97,-149.25,0.00,914.00,669.00,80.00
1.627,,56.90,11.21,1141.61,-10.50,-4.11,-154.49,0.00,914.00,669.00,80.00
1.676,,79.73,3.75,1132.63,-13.66,-3.50,-154.62,0.00,914.00,669.00,80.00
1.724,,94.17,-2.38,1109.08,-16.11,-0.40,-149.86,0.00,914.00,669.00,80.00
1.770,,111.87,-7.63,1121.38,-18.36,-0.86,-154.54,0.00,914.00,669.00,80.00
1.818,,120.43,-10.26,1149.31,-19.02,9.02,154.44,0.00,914.00,669.00,80.00
1.864,,127.92,-13.02,1152.14,-20.80,9.96,155.86,0.00,914.00,669.00,80.00
1.914,,129.42,-13.45,1159.29,-20.02,8.37,156.86,0.00,914.00,669.00,80.00
1.966,,132.64,-14.45,1169.48,-19.66,4.19,-159.88,0.00,914.00,669.00,80.00
2.013,,138.19,-13.15,1172.38,-21.40,3.66,-162.05,0.00,914.00,669.00,80.00
2.060,,141.03,-12.65,1158.48,-21.20,5.64,-158.43,0.00,914.00,669.00,80.00
2.104,,155.42,-13.61,1243.10,-21.22,6.67,-179.18,0.00,914.00,669.00,80.00
2.149,,161.26,-11.20,1167.62,-23.98,4.84,-162.62,0.00,914.00,669.00,80.00
2.193,,167.94,-10.42,1170.43,-25.34,3.56,-163.19,0.00,914.00,669.00,80.00
2.241,,180.71,-8.37,1183.39,-26.22,6.46,-166.41,0.00,914.00,669.00,80.00
2.292,,182.20,-6.46,1152.37,-27.24,5.33,-160.44,0.00,914.00,669.00,80.00
2.341,,190.85,-5.85,1184.85,-27.56,5.17,-166.98,0.00,914.00,669.00,80.00
2.386,,197.35,-2.38,1158.46,-29.55,3.63,-162.83,0.00,914.00,669.00,80.00
2.431,,212.17,2.09,1180.59,-31.83,11.60,157.04,0.00,914.00,669.00,80.00
2.476,,221.20,6.42,1186.48,-33.70,13.05,158.12,0.00,914.00,669.00,80.00
2.521,,226.24,10.77,1186.86,-33.90,6.55,-170.52,0.00,914.00,669.00,80.00
2.564,,230.16,14.11,1192.56,-34.70,10.91,158.90,0.00,914.00,669.00,80.00
2.608,,225.78,16.56,1155.25,-34.48,0.31,-166.54,0.00,914.00,669.00,80.00
2.654,,236.86,21.74,1201.53,-35.14,3.66,-178.14,0.00,914.00,669.00,80.00
2.698,,239.82,23.81,1207.38,-34.90,4.56,-175.23,0.00,914.00,669.00,80.00
2.743,,242.88,25.24,1213.63,-36.43,13.86,163.32,0.00,914.00,669.00,80.00
2.791,,243.66,25.79,1214.81,-37.00,13.54,162.52,0.00,914.00,669.00,80.00
2.835,,245.43,26.30,1222.61,-35.59,10.26,163.67,0.00,914.00,669.00,80.00
2.886,,245.57,25.88,1226.16,-36.30,15.93,165.90,0.00,914.00,669.00,80.00
2.933,,246.51,25.20,1232.93,-34.54,8.52,-178.67,0.00,914.00,669.00,80.00
2.980,,243.60,24.25,1223.63,-36.23,18.08,168.10,0.00,914.00,669.00,80.00
3.025,,241.13,21.93,1234.34,-34.83,15.56,166.79,0.00,914.00,669.00,80.00
3.071,,238.36,21.11,1232.86,-33.40,11.33,-177.98,0.00,914.00,669.00,80.00
3.116,,237.38,20.47,1239.89,-34.09,18.77,169.75,0.00,914.00,669.00,80.00
3.161,,232.44,18.39,1229.62,-32.31,7.26,-174.73,0.00,914.00,669.00,80.00
3.208,,231.17,17.44,1236.04,-30.96,6.49,164.73,0.00,914.00,669.00,80.00
3.255,,231.84,17.33,1244.25,-31.24,7.20,-178.03,0.00,914.00,669.00,80.00
3.302,,226.06,16.29,1229.55,-31.03,8.43,162.19,0.00,914.00,669.00,80.00
3.348,,224.07,16.69,1231.83,-30.11,8.95,160.20,0.00,914.00,669.00,80.00
3.390,,226.43,17.19,1247.36,-30.64,4.55,176.24,0.00,914.00,669.00,80.00
3.439,,223.08,18.50,1243.72,-30.14,14.62,178.28,0.00,914.00,669.00,80.00
3.484,,219.19,20.15,1231.11,-30.26,11.13,-177.52,0.00,914.00,669.00,80.00
3.528,,219.66,20.98,1236.20,-29.59,7.64,162.51,0.00,914.00,669.00,80.00
3.580,,221.60,22.98,1241.54,-29.50,4.65,176.22,0.00,914.00,669.00,80.00
3.626,,222.37,24.19,1243.63,-29.64,6.14,-174.89,0.00,914.00,669.00,80.00
3.675,,221.12,24.62,1238.85,-30.07,7.09,-178.02,0.00,914.00,669.00,80.00
3.702,,221.62,25.10,1244.18,-30.15,14.37,178.42,1.00,181.00,630.00,67.00
3.747,,220.81,25.46,1244.57,-30.33,7.25,178.78,1.00,181.00,630.00,67.00
3.791,,219.23,25.15,1238.26,-31.02,16.70,173.97,1.00,181.00,630.00,67.00
3.833,,220.12,25.11,1244.13,-30.14,14.36,178.49,1.00,181.00,630.00,67.00
3.879,,218.92,24.63,1236.40,-29.58,7.47,162.31,1.00,181.00,630.00,67.00
3.922,,217.94,23.99,1230.89,-30.17,9.92,162.69,1.00,181.00,630.00,67.00
3.964,,218.91,23.92,1238.97,-30.06,7.09,-178.02,1.00,181.00,630.00,67.00
4.008,,217.31,24.30,1235.66,-29.85,10.08,166.36,1.00,181.00,630.00,67.00
4.050,,216.83,24.32,1238.82,-29.48,10.39,-176.35,1.00,181.00,630.00,67.00
4.093,,216.21,24.23,1238.15,-28.67,0.23,178.91,1.00,181.00,630.00,67.00
4.137,,213.82,24.51,1234.88,-29.91,14.15,166.19,1.00,181.00,630.00,67.00
4.181,,212.19,25.72,1244.16,-28.69,5.79,-177.65,1.00,181.00,630.00,67.00
4.225,,203.95,26.69,1234.33,-27.18,7.61,162.89,1.00,181.00,630.00,67.00
4.268,,195.52,28.02,1226.95,-27.02,3.23,-171.84,1.00,181.00,630.00,67.00
4.312,,184.36,29.81,1238.38,-24.62,5.96,-174.10,1.00,181.00,630.00,67.00
4.409,,142.94,31.67,1215.06,-18.73,4.94,-164.00,1.00,181.00,630.00,67.00
4.849,,-145.66,-20.96,1250.26,16.27,-19.19,-167.61,1.00,181.00,630.00,67.00
4.896,,-164.54,-22.39,1262.39,17.43,-20.09,-167.87,1.00,181.00,630.00,67.00
4.942,,-189.96,-21.75,1246.53,20.27,-24.78,-168.85,1.00,181.00,630.00,67.00
4.988,,-219.46,-21.04,1278.24,24.79,-23.49,-174.55,1.00,181.00,630.00,67.00
5.033,,-227.17,-19.99,1277.23,26.30,-25.69,-177.87,1.00,181.00,630.00,67.00
5.081,,-242.30,-15.96,1273.67,28.08,-23.96,-176.85,1.00,181.00,630.00,67.00
5.128,,-249.68,-11.38,1274.13,30.14,-21.02,-179.34,1.00,181.00,630.00,67.00
5.173,,-254.77,-6.02,1269.11,31.92,-25.84,174.49,1.00,181.00,630.00,67.00
5.219,,-260.30,-0.85,1276.13,32.51,-22.90,175.99,1.00,181.00,630.00,67.00
5.266,,-261.31,4.15,1265.62,33.13,-19.98,179.18,1.00,181.00,630.00,67.00
5.358,,-264.04,9.83,1261.17,33.16,-22.11,178.03,1.00,181.00,630.00,67.00
5.407,,-269.01,12.82,1269.91,33.48,-22.17,174.81,1.00,181.00,630.00,67.00
5.730,,-277.44,3.36,1250.65,34.55,-20.53,-179.68,1.00,181.00,630.00,67.00
5.785,,-279.17,-1.46,1241.99,31.42,3.85,167.27,1.00,181.00,630.00,67.00
5.839,,-282.31,-5.12,1240.78,35.31,-20.85,179.86,1.00,181.00,630.00,67.00
5.887,,-281.73,-7.97,1229.28,35.20,-21.85,-177.81,1.00,181.00,630.00,67.00
5.933,,-281.88,-10.48,1222.98,36.72,-27.48,175.71,1.00,181.00,630.00,67.00
5.979,,-284.85,-12.89,1230.72,35.83,-22.45,-178.07,1.00,181.00,630.00,67.00
6.024,,-283.09,-14.20,1219.14,35.75,-23.60,-176.43,1.00,181.00,630.00,67.00
6.070,,-280.48,-15.30,1206.39,36.36,-25.10,-177.65,1.00,181.00,630.00,67.00
6.116,,-283.43,-16.16,1219.64,35.05,-22.94,-173.46,1.00,181.00,630.00,67.00
6.164,,-281.34,-17.11,1209.90,36.24,-24.48,-174.97,1.00,181.00,630.00,67.00
6.212,,-284.91,-17.33,1223.83,36.22,-26.34,-179.74,1.00,181.00,630.00,67.00
6.258,,-284.09,-18.42,1219.82,32.82,0.69,162.86,1.00,181.00,630.00,67.00
6.305,,-283.43,-17.78,1218.87,35.68,-23.50,-176.06,1.00,181.00,630.00,67.00
6.351,,-284.66,-18.09,1226.56,35.71,-24.57,-179.07,1.00,181.00,630.00,67.00
6.399,,-282.46,-17.67,1218.21,32.82,2.68,163.79,1.00,181.00,630.00,67.00
6.449,,-279.37,-16.83,1216.27,36.48,-24.58,-179.52,1.00,181.00,630.00,67.00
6.502,,-281.43,-16.20,1239.53,35.02,-22.70,-177.56,1.00,181.00,630.00,67.00
6.556,,-280.16,-15.98,1236.49,35.76,-23.60,179.34,1.00,181.00,630.00,67.00
6.605,,-284.53,-14.64,1279.73,35.00,-17.42,178.45,1.00,181.00,630.00,67.00
6.652,,-277.20,-13.05,1258.08,35.84,-23.16,176.78,1.00,181.00,630.00,67.00
6.700,,-278.92,-12.42,1269.47,35.91,-26.08,174.69,1.00,181.00,630.00,67.00
6.748,,-283.83,-10.97,1294.47,35.49,-23.99,172.17,1.00,181.00,630.00,67.00
6.793,,-284.71,-10.07,1300.25,35.67,-21.98,170.94,1.00,181.00,630.00,67.00
6.842,,-288.64,-8.85,1321.68,34.27,-20.68,175.13,1.00,181.00,630.00,67.00
6.888,,-287.03,-7.73,1316.39,32.96,0.07,176.15,1.00,181.00,630.00,67.00
6.980,,-292.51,-5.86,1337.77,35.24,-17.88,170.13,1.00,181.00,630.00,67.00
7.026,,-294.21,-4.90,1339.29,36.04,-18.60,169.60,1.00,181.00,630.00,67.00
7.121,,-298.37,-1.81,1339.56,36.70,-20.67,165.79,1.00,181.00,630.00,67.00
7.354,,-307.84,5.03,1345.09,36.16,-5.97,-178.65,1.00,181.00,630.00,67.00
7.400,,-309.17,5.24,1348.30,36.85,-6.84,-178.82,1.00,181.00,630.00,67.00
7.493,,-311.04,4.58,1349.46,36.02,-3.15,176.71,1.00,181.00,630.00,67.00
7.539,,-311.17,3.61,1351.42,38.75,-17.82,167.67,1.00,181.00,630.00,67.00
7.630,,-311.56,1.02,1348.84,36.05,-1.21,-179.91,1.00,181.00,630.00,67.00
7.676,,-311.07,-1.34,1348.29,39.22,-22.02,166.62,1.00,181.00,630.00,67.00
7.724,,-309.76,-3.57,1341.57,37.77,-14.94,161.17,1.00,181.00,630.00,67.00
7.771,,-311.80,-5.32,1348.78,36.16,-4.12,177.69,1.00,181.00,630.00,67.00
7.818,,-311.55,-8.65,1347.54,36.74,-5.77,-179.41,1.00,181.00,630.00,67.00
7.865,,-311.76,-9.50,1348.26,38.74,-18.39,162.51,1.00,181.00,630.00,67.00
7.910,,-311.48,-12.21,1347.08,36.82,-6.73,-178.78,1.00,181.00,630.00,67.00
7.960,,-314.19,-14.28,1356.28,36.44,-12.37,179.67,1.00,181.00,630.00,67.00
8.009,,-310.49,-15.69,1341.96,37.25,-13.51,-179.68,1.00,181.00,630.00,67.00
8.034,,-311.53,-16.36,1345.21,36.01,-3.06,-177.58,2.00,322.00,498.00,82.00
8.080,,-311.46,-18.34,1344.80,35.96,-2.49,-177.94,2.00,322.00,498.00,82.00
8.128,,-310.86,-19.27,1343.37,37.17,-12.41,179.61,2.00,322.00,498.00,82.00
8.175,,-308.49,-19.93,1330.93,36.17,1.03,-177.93,2.00,322.00,498.00,82.00
8.223,,-312.23,-20.92,1346.41,36.80,-6.66,-178.76,2.00,322.00,498.00,82.00
8.270,,-308.35,-21.49,1329.36,36.23,2.89,-179.32,2.00,322.00,498.00,82.00
8.315,,-308.63,-21.89,1331.52,38.72,-21.36,166.00,2.00,322.00,498.00,82.00
8.363,,-308.63,-21.89,1331.52,38.72,-21.36,166.00,2.00,322.00,498.00,82.00
8.410,,-308.63,-21.89,1331.52,38.72,-21.36,166.00,2.00,322.00,498.00,82.00
8.457,,-305.44,-22.08,1319.45,39.44,-21.10,165.82,2.00,322.00,498.00,82.00
8.506,,-306.88,-22.78,1327.35,38.61,-23.38,167.48,2.00,322.00,498.00,82.00
8.553,,-306.85,-23.43,1330.66,36.27,-3.86,178.83,2.00,322.00,498.00,82.00
8.605,,-308.70,-25.17,1341.23,35.43,-5.47,-179.30,2.00,322.00,498.00,82.00
8.662,,-305.97,-27.82,1338.28,36.83,-18.28,174.98,2.00,322.00,498.00,82.00
8.709,,-292.59,-45.66,1320.87,36.73,-21.07,170.89,2.00,322.00,498.00,82.00
8.757,,-283.21,-52.09,1298.26,37.48,-26.83,170.92,2.00,322.00,498.00,82.00
8.805,,-281.06,-57.65,1299.49,36.71,-26.59,175.70,2.00,322.00,498.00,82.00
8.853,,-275.58,-68.74,1300.10,33.57,-24.65,-179.84,2.00,322.00,498.00,82.00
8.900,,-272.25,-81.36,1312.05,32.18,-22.90,-178.67,2.00,322.00,498.00,82.00
8.954,,-264.16,-91.62,1298.61,32.03,-29.61,179.58,2.00,322.00,498.00,82.00
9.007,,-259.28,-103.12,1303.36,29.24,-28.17,-179.18,2.00,322.00,498.00,82.00
9.056,,-253.58,-112.59,1297.11,27.39,8.09,175.90,2.00,322.00,498.00,82.00
9.104,,-250.41,-118.80,1293.38,26.10,6.25,172.88,2.00,322.00,498.00,82.00
9.155,,-246.97,-124.43,1288.01,26.33,7.98,173.02,2.00,322.00,498.00,82.00
9.205,,-238.95,-129.05,1264.56,24.63,-33.83,-170.21,2.00,322.00,498.00,82.00
9.254,,-236.62,-131.98,1263.92,24.53,-33.84,-169.98,2.00,322.00,498.00,82.00
9.305,,-232.47,-131.27,1246.61,25.16,-33.65,-168.55,2.00,322.00,498.00,82.00
9.353,,-235.46,-133.08,1265.57,24.64,-30.93,-168.33,2.00,322.00,498.00,82.00
9.404,,-232.56,-130.01,1247.08,25.32,-30.93,-166.92,2.00,322.00,498.00,82.00
9.455,,-231.63,-125.42,1240.43,24.94,-32.41,-167.37,2.00,322.00,498.00,82.00
9.507,,-235.91,-123.68,1250.50,25.32,-29.33,-166.95,2.00,322.00,498.00,82.00
9.558,,-235.12,-119.43,1231.99,25.24,8.36,167.21,2.00,322.00,498.00,82.00
9.608,,-235.84,-117.33,1227.21,25.78,9.52,168.84,2.00,322.00,498.00,82.00
9.660,,-238.50,-115.49,1230.77,25.56,7.98,168.44,2.00,322.00,498.00,82.00
9.712,,-236.26,-112.39,1214.74,25.77,8.47,165.76,2.00,322.00,498.00,82.00
9.763,,-239.58,-112.72,1228.19,25.35,7.18,165.08,2.00,322.00,498.00,82.00
9.813,,-239.48,-112.11,1227.66,25.74,6.68,166.48,2.00,322.00,498.00,82.00
9.860,,-237.52,-110.32,1217.63,25.24,-31.90,-164.08,2.00,322.00,498.00,82.00
9.906,,-238.77,-110.20,1220.44,26.11,7.25,165.18,2.00,322.00,498.00,82.00
9.953,,-238.39,-109.64,1222.10,26.13,-30.16,-165.32,2.00,322.00,498.00,82.00
10.001,,-240.40,-110.66,1233.32,26.32,-29.66,-166.66,2.00,322.00,498.00,82.00
10.047,,-240.34,-111.17,1233.36,27.09,2.00,162.55,2.00,322.00,498.00,82.00
10.094,,-238.23,-109.73,1225.10,26.08,-32.40,-167.26,2.00,322.00,498.00,82.00
10.141,,-237.28,-109.61,1221.97,26.09,-29.99,-165.11,2.00,322.00,498.00,82.00
10.188,,-236.48,-109.69,1217.03,25.56,7.12,165.19,2.00,322.00,498.00,82.00
10.235,,-238.50,-109.98,1230.12,25.23,-29.98,-164.75,2.00,322.00,498.00,82.00
10.259,,-238.02,-109.84,1228.68,25.44,-31.38,-165.34,3.00,574.00,235.00,77.00
10.305,,-236.12,-108.95,1218.81,25.05,-30.57,-163.64,3.00,574.00,235.00,77.00
10.350,,-237.79,-108.99,1225.66,25.90,8.21,166.77,3.00,574.00,235.00,77.00
10.397,,-239.62,-109.40,1234.28,25.74,6.01,164.59,3.00,574.00,235.00,77.00
10.443,,-257.74,-117.07,1326.32,28.04,-4.50,175.31,3.00,574.00,235.00,77.00
10.489,,-237.31,-107.45,1222.24,26.14,-29.92,-165.20,3.00,574.00,235.00,77.00
10.537,,-237.33,-107.29,1220.66,26.09,7.34,165.04,3.00,574.00,235.00,77.00
10.583,,-238.05,-107.74,1228.10,25.71,6.76,166.28,3.00,574.00,235.00,77.00
10.629,,-237.22,-107.71,1234.33,25.91,4.18,165.31,3.00,574.00,235.00,77.00
10.680,,-232.97,-107.18,1226.35,24.62,6.09,164.69,3.00,574.00,235.00,77.00
10.740,,-229.71,-106.58,1221.50,25.39,-31.82,-166.82,3.00,574.00,235.00,77.00
10.792,,-213.72,-114.93,1208.02,22.18,-28.41,-158.16,3.00,574.00,235.00,77.00
10.839,,-208.88,-117.67,1199.62,21.00,-29.24,-158.09,3.00,574.00,235.00,77.00
10.887,,-203.73,-125.61,1209.61,20.28,-26.65,-154.50,3.00,574.00,235.00,77.00
10.935,,-191.16,-136.29,1195.82,19.61,4.98,157.11,3.00,574.00,235.00,77.00
10.980,,-176.08,-152.67,1193.25,18.31,7.23,159.07,3.00,574.00,235.00,77.00
11.026,,-166.37,-162.96,1190.32,16.32,5.56,154.83,3.00,574.00,235.00,77.00
11.075,,-151.42,-175.26,1179.42,10.65,-23.24,-139.39,3.00,574.00,235.00,77.00
11.123,,-141.45,-186.60,1181.83,8.49,-24.72,-139.56,3.00,574.00,235.00,77.00
11.168,,-129.39,-196.93,1175.90,11.54,7.14,153.97,3.00,574.00,235.00,77.00
11.216,,-112.81,-208.23,1169.75,9.04,7.22,153.40,3.00,574.00,235.00,77.00
11.262,,-91.94,-220.52,1171.25,6.55,7.19,153.49,3.00,574.00,235.00,77.00
11.304,,-79.05,-227.39,1170.99,5.49,8.09,152.99,3.00,574.00,235.00,77.00
11.350,,-67.87,-233.95,1176.29,3.37,7.90,153.84,3.00,574.00,235.00,77.00
11.396,,-50.52,-238.77,1163.90,1.21,7.66,153.80,3.00,574.00,235.00,77.00
11.443,,-40.17,-243.39,1174.03,-2.33,-11.05,-131.54,3.00,574.00,235.00,77.00
11.491,,-34.73,-241.86,1162.35,-3.69,-11.40,-131.18,3.00,574.00,235.00,77.00
11.537,,-27.77,-243.69,1171.24,1.15,5.88,155.15,3.00,574.00,235.00,77.00
11.584,,-20.47,-242.51,1174.18,0.91,4.90,155.23,3.00,574.00,235.00,77.00
11.679,,0.98,-242.92,1190.68,-4.21,-3.18,-134.41,3.00,574.00,235.00,77.00
11.727,,10.78,-238.31,1162.89,-3.57,5.80,154.88,3.00,574.00,235.00,77.00
11.774,,17.24,-244.36,1188.79,-3.93,4.75,158.23,3.00,574.00,235.00,77.00
11.821,,19.15,-242.94,1180.66,-5.17,-1.49,-133.14,3.00,574.00,235.00,77.00
11.868,,20.41,-248.37,1196.65,-4.36,4.84,158.23,3.00,574.00,235.00,77.00
11.914,,20.12,-248.29,1189.19,-4.49,4.01,157.84,3.00,574.00,235.00,77.00
11.960,,20.42,-251.60,1196.29,-4.35,4.79,158.36,3.00,574.00,235.00,77.00
12.007,,19.68,-252.85,1194.42,-4.60,5.61,159.04,3.00,574.00,235.00,77.00
12.052,,18.74,-254.80,1189.79,-4.23,3.19,157.51,3.00,574.00,235.00,77.00
12.100,,18.18,-260.19,1212.48,-4.30,5.33,161.44,3.00,574.00,235.00,77.00
12.146,,16.15,-258.74,1195.42,-4.29,4.96,160.22,3.00,574.00,235.00,77.00
12.192,,13.62,-263.23,1206.84,-3.37,3.46,160.41,3.00,574.00,235.00,77.00
12.240,,10.76,-264.77,1208.79,-2.56,3.14,159.08,3.00,574.00,235.00,77.00
12.288,,8.26,-269.70,1229.98,-5.00,-3.80,-139.22,3.00,574.00,235.00,77.00
12.334,,8.16,-266.91,1215.61,-4.52,-1.72,-136.50,3.00,574.00,235.00,77.00
12.380,,7.72,-267.27,1215.20,-3.23,3.93,161.14,3.00,574.00,235.00,77.00
12.425,,7.82,-270.73,1231.91,-2.58,5.21,163.26,3.00,574.00,235.00,77.00
12.470,,7.96,-268.60,1223.89,-2.77,4.33,162.60,3.00,574.00,235.00,77.00
12.518,,7.69,-271.09,1241.42,-2.09,5.61,164.93,3.00,574.00,235.00,77.00
12.564,,8.05,-269.41,1240.71,-2.97,5.49,164.79,3.00,574.00,235.00,77.00
12.610,,8.04,-269.03,1240.71,-2.97,5.60,164.79,3.00,574.00,235.00,77.00
12.656,,8.40,-268.31,1239.97,-2.39,6.33,163.74,3.00,574.00,235.00,77.00
12.702,,9.00,-271.42,1259.76,-4.53,-3.21,-143.17,3.00,574.00,235.00,77.00
12.748,,8.28,-269.55,1249.36,-2.47,5.97,166.40,3.00,574.00,235.00,77.00
12.805,,8.06,-268.07,1242.49,-2.69,4.84,165.84,3.00,574.00,235.00,77.00
12.858,,7.56,-271.02,1251.69,-2.27,4.89,165.73,3.00,574.00,235.00,77.00
12.903,,6.79,-270.67,1249.23,-2.47,6.04,166.47,3.00,574.00,235.00,77.00
12.950,,5.62,-273.35,1258.94,-4.23,-4.07,-141.86,3.00,574.00,235.00,77.00
12.997,,5.30,-272.18,1249.13,-2.47,5.98,166.55,3.00,574.00,235.00,77.00
13.044,,5.08,-270.92,1240.66,-2.10,5.49,164.79,3.00,574.00,235.00,77.00
13.091,,5.08,-270.92,1240.66,-2.10,5.49,164.79,3.00,574.00,235.00,77.00
13.137,,5.32,-273.29,1251.55,-2.28,4.81,165.84,3.00,574.00,235.00,77.00
13.184,,5.32,-273.29,1251.55,-2.28,4.81,165.84,3.00,574.00,235.00,77.00
13.231,,5.32,-273.29,1251.55,-2.28,4.81,165.84,3.00,574.00,235.00,77.00
13.278,,5.49,-271.46,1244.93,-1.60,3.76,165.26,3.00,574.00,235.00,77.00
13.324,,5.08,-270.92,1240.66,-2.10,5.49,164.79,3.00,574.00,235.00,77.00
13.371,,5.08,-270.92,1240.66,-2.10,5.49,164.79,3.00,574.00,235.00,77.00
13.417,,4.72,-271.11,1241.55,-2.10,5.48,164.94,3.00,574.00,235.00,77.00
13.461,,4.04,-275.37,1260.29,-2.65,5.23,167.75,3.00,574.00,235.00,77.00
13.487,,4.04,-275.37,1260.29,-2.65,5.23,167.75,4.00,372.00,261.00,75.00
13.534,,3.88,-278.17,1270.46,-1.33,5.30,167.68,4.00,372.00,261.00,75.00
13.578,,3.86,-277.36,1267.66,-1.51,6.45,168.41,4.00,372.00,261.00,75.00
13.625,,3.67,-275.93,1261.11,-1.76,5.21,167.83,4.00,372.00,261.00,75.00
13.669,,3.28,-275.88,1259.94,-1.16,5.99,166.69,4.00,372.00,261.00,75.00
13.715,,3.46,-274.33,1252.80,-1.47,4.42,164.10,4.00,372.00,261.00,75.00
13.760,,3.44,-274.07,1248.99,-2.57,5.48,164.65,4.00,372.00,261.00,75.00
13.806,,3.59,-271.87,1238.93,-2.40,6.13,163.78,4.00,372.00,261.00,75.00
13.850,,3.59,-277.09,1268.05,-4.00,-4.92,-143.73,4.00,372.00,261.00,75.00
13.894,,3.65,-275.32,1259.15,-1.17,5.87,166.49,4.00,372.00,261.00,75.00
13.941,,2.14,-274.62,1259.51,-2.06,5.93,166.58,4.00,372.00,261.00,75.00
13.985,,-3.60,-273.73,1263.51,-4.45,-7.14,-143.17,4.00,372.00,261.00,75.00
14.031,,-11.44,-275.46,1274.29,-3.30,-8.15,-143.27,4.00,372.00,261.00,75.00
14.075,,-19.19,-276.08,1275.52,1.82,6.89,166.16,4.00,372.00,261.00,75.00
14.120,,-46.47,-272.19,1264.84,-3.33,-13.01,-140.26,4.00,372.00,261.00,75.00
14.163,,-64.29,-269.01,1259.02,0.83,-15.52,-140.99,4.00,372.00,261.00,75.00
14.208,,-84.86,-265.36,1255.24,2.57,-18.92,-140.90,4.00,372.00,261.00,75.00
14.254,,-110.04,-260.56,1254.78,2.07,-24.75,-142.45,4.00,372.00,261.00,75.00
14.301,,-132.79,-257.52,1252.48,5.79,-26.86,-141.48,4.00,372.00,261.00,75.00
14.348,,-142.29,-252.90,1237.95,4.50,-31.43,-141.22,4.00,372.00,261.00,75.00
14.396,,-172.62,-251.91,1253.39,8.26,-33.61,-145.14,4.00,372.00,261.00,75.00
14.447,,-181.67,-249.70,1247.61,9.16,-35.40,-145.97,4.00,372.00,261.00,75.00
14.497,,-212.30,-247.75,1265.22,14.11,-36.35,-150.75,4.00,372.00,261.00,75.00
14.545,,-219.68,-246.34,1266.45,14.80,-36.31,-148.76,4.00,372.00,261.00,75.00
14.592,,-228.36,-241.20,1255.05,23.45,12.05,167.49,4.00,372.00,261.00,75.00
14.642,,-235.31,-241.52,1268.50,24.00,9.79,166.70,4.00,372.00,261.00,75.00
14.698,,-232.66,-232.85,1241.69,18.93,-41.13,-155.87,4.00,372.00,261.00,75.00
14.749,,-233.37,-234.42,1251.18,25.14,11.62,168.45,4.00,372.00,261.00,75.00
14.801,,-230.29,-234.51,1249.80,18.25,-37.87,-153.78,4.00,372.00,261.00,75.00
14.851,,-227.57,-234.12,1240.75,25.15,13.89,168.95,4.00,372.00,261.00,75.00
14.907,,-227.85,-237.47,1250.53,17.60,-37.93,-152.07,4.00,372.00,261.00,75.00
14.971,,-223.62,-238.16,1240.40,17.37,-39.74,-153.44,4.00,372.00,261.00,75.00
15.024,,-218.71,-242.98,1236.31,15.90,-39.59,-151.30,4.00,372.00,261.00,75.00
15.075,,-217.60,-249.82,1251.87,14.89,-37.54,-148.93,4.00,372.00,261.00,75.00
15.127,,-213.03,-255.05,1254.27,20.39,10.96,165.38,4.00,372.00,261.00,75.00
15.177,,-205.37,-256.02,1241.74,12.22,-36.17,-144.97,4.00,372.00,261.00,75.00
15.230,,-202.84,-261.59,1247.48,19.58,11.52,164.69,4.00,372.00,261.00,75.00
15.278,,-198.74,-267.07,1251.88,19.58,11.23,163.56,4.00,372.00,261.00,75.00
15.326,,-189.93,-268.51,1240.46,9.63,-35.38,-142.06,4.00,372.00,261.00,75.00
15.374,,-186.03,-272.97,1245.17,17.10,10.86,162.59,4.00,372.00,261.00,75.00
15.421,,-182.32,-274.64,1245.11,17.50,10.59,163.69,4.00,372.00,261.00,75.00
15.470,,-178.73,-273.04,1232.99,9.09,-32.69,-140.96,4.00,372.00,261.00,75.00
15.516,,-178.34,-275.75,1239.25,8.54,-33.22,-141.91,4.00,372.00,261.00,75.00
15.566,,-179.21,-278.24,1245.09,16.74,12.68,164.51,4.00,372.00,261.00,75.00
15.613,,-178.31,-277.23,1238.83,17.58,12.60,164.53,4.00,372.00,261.00,75.00
15.662,,-178.12,-275.70,1233.65,16.68,12.90,163.68,4.00,372.00,261.00,75.00
15.710,,-178.70,-276.29,1239.08,7.98,-33.34,-140.58,4.00,372.00,261.00,75.00
15.757,,-178.29,-275.84,1238.82,7.96,-33.43,-140.65,4.00,372.00,261.00,75.00
15.806,,-177.93,-273.99,1233.87,7.87,-33.88,-141.91,4.00,372.00,261.00,75.00
15.854,,-177.58,-273.96,1232.67,16.08,10.96,162.91,4.00,372.00,261.00,75.00
15.902,,-179.50,-277.65,1251.24,8.74,-32.99,-142.98,4.00,372.00,261.00,75.00
15.950,,-178.33,-275.91,1244.30,9.24,-32.44,-141.87,4.00,372.00,261.00,75.00
15.998,,-178.54,-276.77,1244.53,17.55,10.72,163.81,4.00,372.00,261.00,75.00
16.045,,-177.82,-276.56,1244.66,7.75,-31.86,-141.34,4.00,372.00,261.00,75.00
16.092,,-176.24,-273.93,1233.68,7.73,-34.84,-142.06,4.00,372.00,261.00,75.00
16.140,,-179.50,-277.66,1251.15,17.66,12.49,165.48,4.00,372.00,261.00,75.00
16.191,,-208.19,-317.93,1440.64,19.50,-0.61,175.46,4.00,372.00,261.00,75.00
16.240,,-181.02,-272.17,1239.99,17.52,12.58,164.39,4.00,372.00,261.00,75.00
16.288,,-181.34,-269.58,1233.32,17.89,14.12,165.91,4.00,372.00,261.00,75.00
16.336,,-183.08,-269.21,1240.50,8.62,-34.33,-142.51,4.00,372.00,261.00,75.00
16.384,,-185.63,-269.41,1246.44,18.09,11.19,164.87,4.00,372.00,261.00,75.00
16.433,,-186.39,-269.61,1252.87,8.99,-33.19,-143.55,4.00,372.00,261.00,75.00
16.483,,-186.52,-267.63,1246.21,18.74,11.91,166.23,4.00,372.00,261.00,75.00
16.531,,-185.09,-265.20,1239.39,9.60,-36.16,-145.61,4.00,372.00,261.00,75.00
16.579,,-185.40,-265.43,1241.41,9.31,-34.17,-144.06,4.00,372.00,261.00,75.00
16.627,,-186.43,-266.25,1247.05,9.35,-34.58,-142.93,4.00,372.00,261.00,75.00
16.679,,-187.53,-267.51,1251.87,18.11,10.68,164.79,4.00,372.00,261.00,75.00
16.726,,-186.53,-266.15,1246.42,18.72,11.92,166.17,4.00,372.00,261.00,75.00
16.776,,-187.17,-266.47,1246.97,18.05,11.14,164.74,4.00,372.00,261.00,75.00
16.825,,-187.17,-266.47,1246.97,18.05,11.14,164.74,4.00,372.00,261.00,75.00
16.875,,-188.60,-268.82,1259.01,9.65,-33.35,-143.73,4.00,372.00,261.00,75.00
16.923,,-186.12,-266.28,1246.24,9.77,-35.50,-144.38,4.00,372.00,261.00,75.00
16.971,,-187.93,-268.86,1258.33,10.07,-34.20,-145.17,4.00,372.00,261.00,75.00
17.022,,-186.59,-267.19,1246.76,18.36,12.20,165.13,4.00,372.00,261.00,75.00
17.083,,-185.51,-265.34,1240.95,9.19,-35.19,-144.17,4.00,372.00,261.00,75.00
17.131,,-186.37,-266.36,1246.65,9.89,-34.43,-144.18,4.00,372.00,261.00,75.00
17.181,,-187.65,-268.74,1257.76,9.95,-35.31,-145.36,4.00,372.00,261.00,75.00
17.230,,-186.67,-267.80,1252.44,9.37,-35.04,-145.22,4.00,372.00,261.00,75.00
17.279,,-186.57,-268.29,1252.90,17.56,10.78,165.68,4.00,372.00,261.00,75.00
17.327,,-185.26,-266.34,1246.63,10.11,-32.34,-143.82,4.00,372.00,261.00,75.00
17.375,,-185.26,-266.34,1246.63,10.11,-32.34,-143.82,4.00,372.00,261.00,75.00
17.423,,-185.26,-266.34,1246.63,10.11,-32.34,-143.82,4.00,372.00,261.00,75.00
17.471,,-185.26,-266.34,1246.63,10.11,-32.34,-143.82,4.00,372.00,261.00,75.00
17.520,,-184.65,-265.80,1241.24,17.50,11.08,164.79,4.00,372.00,261.00,75.00
17.569,,-184.44,-265.75,1241.02,17.78,12.07,165.05,4.00,372.00,261.00,75.00
17.622,,-184.44,-265.75,1241.02,17.78,12.07,165.05,4.00,372.00,261.00,75.00
17.647,,-183.90,-265.39,1241.30,9.31,-34.11,-144.03,5.00,852.00,530.00,86.00
17.693,,-184.85,-266.10,1246.43,9.57,-32.47,-142.48,5.00,852.00,530.00,86.00
17.741,,-187.27,-268.99,1258.89,18.14,10.97,165.75,5.00,852.00,530.00,86.00
17.790,,-185.66,-266.43,1246.86,18.06,11.20,164.75,5.00,852.00,530.00,86.00
17.838,,-185.88,-265.99,1245.73,19.03,13.01,166.50,5.00,852.00,530.00,86.00
17.887,,-185.88,-265.99,1245.73,19.03,13.01,166.50,5.00,852.00,530.00,86.00
17.937,,-185.36,-264.84,1242.15,18.87,15.68,168.09,5.00,852.00,530.00,86.00
17.987,,-185.58,-264.86,1244.04,9.10,-36.78,-146.58,5.00,852.00,530.00,86.00
18.035,,-184.50,-266.72,1252.86,17.86,11.95,165.98,5.00,852.00,530.00,86.00
18.085,,-180.09,-264.81,1252.34,9.24,-31.69,-143.36,5.00,852.00,530.00,86.00
18.132,,-169.85,-260.90,1246.01,7.50,-32.43,-144.33,5.00,852.00,530.00,86.00
18.180,,-153.19,-249.76,1201.37,6.91,-29.46,-137.46,5.00,852.00,530.00,86.00
18.229,,-137.46,-250.37,1229.42,3.78,-29.19,-139.72,5.00,852.00,530.00,86.00
18.321,,-98.04,-234.51,1208.96,2.47,-20.25,-138.09,5.00,852.00,530.00,86.00
18.365,,-75.35,-223.88,1198.35,5.46,7.93,158.55,5.00,852.00,530.00,86.00
18.412,,-58.23,-215.19,1194.85,4.43,7.78,157.64,5.00,852.00,530.00,86.00
18.454,,-45.84,-209.07,1204.17,-1.06,-13.39,-136.13,5.00,852.00,530.00,86.00
18.592,,26.99,-157.04,1186.71,-4.99,-1.83,-139.93,5.00,852.00,530.00,86.00
18.639,,54.25,-135.66,1173.87,-7.98,3.75,157.28,5.00,852.00,530.00,86.00
18.687,,65.91,-121.10,1143.32,-8.05,-1.81,156.84,5.00,852.00,530.00,86.00
18.731,,84.28,-107.13,1157.41,-12.33,4.90,154.29,5.00,852.00,530.00,86.00
18.778,,97.74,-96.78,1179.76,-14.63,6.41,155.18,5.00,852.00,530.00,86.00
18.824,,132.50,-76.83,1282.03,-17.92,6.39,179.90,5.00,852.00,530.00,86.00
18.869,,123.99,-63.56,1151.95,-19.34,7.01,154.43,5.00,852.00,530.00,86.00
18.914,,131.89,-52.22,1152.94,-21.50,7.79,153.82,5.00,852.00,530.00,86.00
18.959,,143.12,-46.81,1222.34,-23.22,15.90,163.81,5.00,852.00,530.00,86.00
19.004,,135.45,-35.26,1137.98,-23.39,9.87,152.45,5.00,852.00,530.00,86.00
19.052,,154.03,-30.90,1276.08,-22.10,6.84,-179.96,5.00,852.00,530.00,86.00
19.103,,137.94,-19.65,1129.55,-23.92,1.58,-155.93,5.00,852.00,530.00,86.00
19.157,,138.34,-17.24,1119.95,-24.71,8.89,148.82,5.00,852.00,530.00,86.00
19.206,,141.60,-14.61,1119.50,-24.79,9.86,150.02,5.00,852.00,530.00,86.00
19.252,,146.22,-14.55,1126.96,-25.55,11.86,151.27,5.00,852.00,530.00,86.00
19.298,,146.40,-15.04,1125.68,-25.86,10.66,151.08,5.00,852.00,530.00,86.00
19.345,,144.66,-17.77,1119.97,-26.24,12.10,149.16,5.00,852.00,530.00,86.00
19.389,,144.71,-19.51,1119.53,-25.39,3.99,-153.56,5.00,852.00,530.00,86.00
19.435,,146.06,-23.49,1127.07,-26.00,2.16,-154.95,5.00,852.00,530.00,86.00
19.480,,146.52,-27.34,1125.89,-25.78,10.12,150.34,5.00,852.00,530.00,86.00
19.525,,148.71,-34.05,1121.71,-26.11,10.56,149.48,5.00,852.00,530.00,86.00
19.570,,150.03,-37.37,1121.41,-26.11,10.72,149.62,5.00,852.00,530.00,86.00
19.621,,168.31,-43.56,1245.90,-25.26,7.34,-179.88,5.00,852.00,530.00,86.00
19.669,,170.80,-48.94,1250.65,-26.17,7.85,177.59,5.00,852.00,530.00,86.00
19.716,,152.47,-46.78,1115.24,-25.85,8.03,149.18,5.00,852.00,530.00,86.00
19.762,,152.80,-49.41,1118.79,-26.39,9.31,148.59,5.00,852.00,530.00,86.00
19.810,,151.03,-49.05,1105.26,-26.82,5.97,-151.53,5.00,852.00,530.00,86.00
19.858,,150.19,-51.12,1101.99,-26.38,9.61,147.92,5.00,852.00,530.00,86.00
19.906,,150.66,-51.77,1105.40,-26.04,9.47,148.98,5.00,852.00,530.00,86.00
19.954,,170.41,-59.15,1246.89,-26.26,9.76,176.83,5.00,852.00,530.00,86.00
20.001,,150.28,-53.11,1102.49,-26.38,9.05,146.83,5.00,852.00,530.00,86.00
20.047,,151.09,-53.96,1105.41,-26.83,6.81,-150.06,5.00,852.00,530.00,86.00
20.096,,150.83,-55.37,1105.20,-26.86,9.53,148.03,5.00,852.00,530.00,86.00
20.146,,152.40,-56.91,1113.03,-26.74,11.71,148.45,5.00,852.00,530.00,86.00
20.193,,153.06,-57.25,1105.11,-26.84,6.95,-149.97,5.00,852.00,530.00,86.00
20.240,,154.21,-58.67,1111.47,-27.05,9.48,149.00,5.00,852.00,530.00,86.00
20.288,,153.73,-58.96,1104.42,-26.89,9.88,148.09,5.00,852.00,530.00,86.00
20.337,,153.09,-59.90,1097.44,-27.56,10.87,147.45,5.00,852.00,530.00,86.00
20.387,,153.19,-61.20,1100.42,-27.20,10.01,147.16,5.00,852.00,530.00,86.00
20.435,,153.56,-62.26,1107.67,-26.52,9.01,147.96,5.00,852.00,530.00,86.00
20.479,,151.88,-62.50,1100.39,-27.19,9.98,147.26,5.00,852.00,530.00,86.00
20.524,,152.48,-62.83,1103.55,-27.71,10.58,148.44,5.00,852.00,530.00,86.00
20.570,,172.09,-70.68,1247.77,-26.42,7.76,179.63,5.00,852.00,530.00,86.00
20.614,,152.48,-62.83,1103.55,-27.71,10.58,148.44,5.00,852.00,530.00,86.00
20.659,,175.11,-70.95,1258.70,-26.64,8.13,178.01,5.00,852.00,530.00,86.00
20.704,,153.86,-62.55,1103.99,-27.71,9.91,147.16,5.00,852.00,530.00,86.00
20.749,,155.53,-62.62,1111.16,-27.04,9.66,149.17,5.00,852.00,530.00,86.00
20.795,,177.06,-70.50,1256.58,-26.32,8.01,175.80,5.00,852.00,530.00,86.00
20.839,,159.21,-63.69,1124.12,-26.52,10.27,151.49,5.00,852.00,530.00,86.00
20.888,,158.64,-64.31,1114.17,-26.70,9.59,150.20,5.00,852.00,530.00,86.00
20.934,,163.91,-68.50,1134.14,-26.34,9.19,152.29,5.00,852.00,530.00,86.00
20.980,,179.68,-76.46,1230.40,-26.27,6.28,167.56,5.00,852.00,530.00,86.00
21.024,,169.33,-73.86,1154.54,-25.97,9.52,156.34,5.00,852.00,530.00,86.00
21.069,,166.61,-74.57,1133.65,-26.33,9.48,152.54,5.00,852.00,530.00,86.00
21.114,,168.88,-76.16,1147.66,-25.78,8.31,156.20,5.00,852.00,530.00,86.00
21.158,,169.35,-78.64,1156.61,-25.60,8.38,155.93,5.00,852.00,530.00,86.00
21.206,,168.45,-80.06,1157.45,-25.58,8.29,156.21,5.00,852.00,530.00,86.00
21.259,,178.58,-84.83,1227.58,-25.23,10.40,169.67,5.00,852.00,530.00,86.00
21.306,,167.37,-80.37,1157.34,-24.70,10.92,-155.73,5.00,852.00,530.00,86.00
21.352,,166.84,-81.61,1167.89,-24.49,7.89,157.77,5.00,852.00,530.00,86.00
21.397,,166.14,-81.61,1167.91,-24.49,7.85,157.78,5.00,852.00,530.00,86.00
21.441,,165.89,-81.40,1175.12,-23.78,9.74,-157.17,5.00,852.00,530.00,86.00
21.488,,164.28,-80.60,1171.24,-24.13,10.46,-158.57,5.00,852.00,530.00,86.00
21.536,,163.41,-80.49,1167.15,-23.60,6.53,157.42,5.00,852.00,530.00,86.00
21.582,,162.86,-79.45,1164.75,-23.97,7.96,-156.55,5.00,852.00,530.00,86.00
21.628,,163.96,-80.31,1174.93,-23.75,7.79,157.82,5.00,852.00,530.00,86.00
21.674,,164.82,-80.10,1182.47,-23.86,9.83,160.26,5.00,852.00,530.00,86.00
21.719,,163.27,-79.26,1175.13,-23.74,8.55,159.78,5.00,852.00,530.00,86.00
21.765,,161.29,-78.72,1167.23,-23.59,9.14,158.34,5.00,852.00,530.00,86.00
21.811,,160.78,-78.05,1164.92,-23.97,7.86,-156.57,5.00,852.00,530.00,86.00
21.857,,169.80,-82.93,1230.72,-23.63,9.74,170.70,5.00,852.00,530.00,86.00
21.902,,169.80,-82.93,1230.72,-23.63,9.74,170.70,5.00,852.00,530.00,86.00
21.948,,169.80,-82.93,1230.72,-23.63,9.74,170.70,5.00,852.00,530.00,86.00
21.971,,162.77,-79.30,1178.19,-23.38,10.21,-158.42,6.00,660.00,638.00,87.00
22.011,,161.44,-79.92,1172.02,-24.12,8.23,156.56,6.00,660.00,638.00,87.00
22.057,,161.86,-80.30,1175.00,-23.75,7.68,157.87,6.00,660.00,638.00,87.00
22.103,,161.86,-80.30,1175.00,-23.75,7.68,157.87,6.00,660.00,638.00,87.00
22.147,,161.38,-79.88,1171.61,-24.09,8.90,158.33,6.00,660.00,638.00,87.00
22.190,,161.38,-79.88,1171.61,-24.09,8.90,158.33,6.00,660.00,638.00,87.00
22.232,,161.38,-79.88,1171.61,-24.09,8.90,158.33,6.00,660.00,638.00,87.00
22.276,,161.38,-79.88,1171.61,-24.09,8.90,158.33,6.00,660.00,638.00,87.00
22.320,,161.87,-79.94,1175.14,-23.74,8.49,159.84,6.00,660.00,638.00,87.00
22.365,,161.86,-80.30,1175.00,-23.75,7.68,157.87,6.00,660.00,638.00,87.00
22.410,,158.52,-78.38,1167.44,-23.58,8.16,156.54,6.00,660.00,638.00,87.00
22.455,,155.46,-76.92,1166.84,-22.66,8.53,155.47,6.00,660.00,638.00,87.00
22.505,,158.63,-77.93,1241.38,-21.81,8.56,178.28,6.00,660.00,638.00,87.00
22.552,,149.24,-72.63,1253.16,-20.08,7.86,178.45,6.00,660.00,638.00,87.00
22.598,,132.46,-63.69,1183.15,-18.62,7.65,160.43,6.00,660.00,638.00,87.00
22.643,,122.35,-57.98,1167.85,-18.34,8.33,157.73,6.00,660.00,638.00,87.00
22.686,,112.62,-51.19,1168.61,-17.11,4.14,-156.23,6.00,660.00,638.00,87.00
22.731,,108.49,-48.59,1172.92,-16.35,2.97,-158.14,6.00,660.00,638.00,87.00
22.775,,97.05,-42.50,1169.33,-15.36,8.32,158.20,6.00,660.00,638.00,87.00
22.820,,88.59,-37.23,1152.11,-14.87,-0.70,-154.64,6.00,660.00,638.00,87.00
22.867,,79.88,-31.51,1167.48,-13.44,-2.11,-157.79,6.00,660.00,638.00,87.00
22.912,,65.41,-22.97,1132.17,-12.69,-5.31,-153.52,6.00,660.00,638.00,87.00
22.957,,55.32,-16.72,1127.88,-10.68,-7.57,-153.06,6.00,660.00,638.00,87.00
23.003,,45.87,-10.80,1150.43,-9.61,-7.53,-156.64,6.00,660.00,638.00,87.00
23.049,,37.24,-6.93,1184.38,-7.32,8.87,159.02,6.00,660.00,638.00,87.00
23.096,,30.38,-4.00,1148.63,-7.17,-9.15,-155.98,6.00,660.00,638.00,87.00
23.142,,24.09,-1.71,1198.14,-5.72,7.60,160.22,6.00,660.00,638.00,87.00
23.186,,15.94,1.14,1208.70,-4.15,8.09,164.26,6.00,660.00,638.00,87.00
23.231,,14.24,2.11,1219.45,-4.12,-6.09,-166.62,6.00,660.00,638.00,87.00
23.277,,12.57,1.97,1192.89,-4.50,7.43,160.48,6.00,660.00,638.00,87.00
23.329,,12.61,2.11,1199.46,-4.06,-7.21,-162.96,6.00,660.00,638.00,87.00
23.384,,13.60,1.92,1210.39,-3.73,-6.37,-166.45,6.00,660.00,638.00,87.00
23.428,,14.24,1.40,1219.39,-4.13,-6.10,-166.59,6.00,660.00,638.00,87.00
23.473,,15.11,0.53,1202.82,-4.51,-5.56,-162.30,6.00,660.00,638.00,87.00
23.519,,15.97,0.27,1210.70,-3.71,7.38,166.27,6.00,660.00,638.00,87.00
23.565,,17.74,0.14,1211.98,-4.57,-8.22,-166.89,6.00,660.00,638.00,87.00
23.610,,18.54,0.32,1218.42,-4.19,-6.41,-166.55,6.00,660.00,638.00,87.00
23.655,,18.64,0.53,1202.55,-4.51,-5.43,-162.28,6.00,660.00,638.00,87.00
23.701,,17.81,0.59,1202.83,-4.53,7.15,162.14,6.00,660.00,638.00,87.00
23.747,,17.79,0.96,1212.53,-4.53,6.15,163.57,6.00,660.00,638.00,87.00
23.791,,17.25,2.11,1204.90,-4.08,-4.69,-164.06,6.00,660.00,638.00,87.00
23.837,,17.14,2.07,1216.30,-3.77,4.92,167.65,6.00,660.00,638.00,87.00
23.884,,17.53,2.83,1225.29,-4.14,-2.93,-168.14,6.00,660.00,638.00,87.00
23.907,,17.47,2.98,1219.74,-4.56,-5.65,-168.95,7.00,538.00,731.00,67.00
23.951,,17.08,3.81,1212.80,-4.54,6.07,163.41,7.00,538.00,731.00,67.00
23.996,,17.11,4.61,1218.91,-4.16,-6.42,-166.71,7.00,538.00,731.00,67.00
24.041,,16.69,4.53,1211.01,-3.73,7.36,166.01,7.00,538.00,731.00,67.00
24.086,,16.56,5.31,1206.85,-4.07,-3.83,-161.73,7.00,538.00,731.00,67.00
24.130,,16.52,5.46,1203.07,-4.48,-5.48,-162.47,7.00,538.00,731.00,67.00
24.176,,16.52,5.46,1203.07,-4.48,-5.48,-162.47,7.00,538.00,731.00,67.00
24.220,,16.14,4.95,1196.65,-4.10,6.11,159.61,7.00,538.00,731.00,67.00
24.267,,16.18,5.12,1203.97,-3.67,-5.63,-162.48,7.00,538.00,731.00,67.00
24.313,,14.24,4.97,1219.69,-4.11,-6.06,-166.72,7.00,538.00,731.00,67.00
24.357,,10.62,5.05,1210.25,-3.33,7.85,164.16,7.00,538.00,731.00,67.00
24.401,,7.10,6.31,1215.23,-2.93,6.04,163.51,7.00,538.00,731.00,67.00
24.447,,3.87,7.74,1213.05,-2.12,7.21,166.15,7.00,538.00,731.00,67.00
24.493,,1.37,9.27,1225.34,-2.17,8.95,168.70,7.00,538.00,731.00,67.00
24.537,,-9.32,15.50,1211.98,-0.45,7.48,162.21,7.00,538.00,731.00,67.00
24.582,,-15.85,20.81,1218.51,0.63,-9.76,-168.39,7.00,538.00,731.00,67.00
24.630,,-20.50,25.44,1218.75,1.51,-9.93,-168.69,7.00,538.00,731.00,67.00
24.676,,-30.33,34.89,1227.87,2.36,7.37,165.68,7.00,538.00,731.00,67.00
24.721,,-35.66,41.60,1223.65,3.30,-8.98,-166.97,7.00,538.00,731.00,67.00
24.775,,-39.50,46.92,1238.30,3.93,-12.55,-172.13,7.00,538.00,731.00,67.00
24.823,,-43.72,52.23,1240.47,3.11,8.41,167.39,7.00,538.00,731.00,67.00
24.871,,-47.80,57.91,1257.86,4.55,4.83,169.22,7.00,538.00,731.00,67.00
24.918,,-52.06,63.69,1256.91,5.76,-9.74,-172.99,7.00,538.00,731.00,67.00
24.966,,-56.25,67.88,1270.68,5.94,2.95,165.44,7.00,538.00,731.00,67.00
25.013,,-57.50,69.37,1273.80,5.53,1.88,168.12,7.00,538.00,731.00,67.00
25.060,,-57.24,71.14,1275.18,4.83,8.23,171.87,7.00,538.00,731.00,67.00
25.109,,-57.03,72.14,1283.05,5.28,8.78,172.17,7.00,538.00,731.00,67.00
25.157,,-56.84,73.01,1293.47,6.36,-2.59,-177.81,7.00,538.00,731.00,67.00
25.205,,-55.71,71.32,1287.14,6.74,-14.30,178.01,7.00,538.00,731.00,67.00
25.254,,-56.21,70.96,1298.00,6.99,-11.22,176.00,7.00,538.00,731.00,67.00
25.303,,-56.64,69.28,1294.29,6.79,-9.34,-179.78,7.00,538.00,731.00,67.00
25.351,,-56.45,66.02,1290.99,5.79,8.65,172.10,7.00,538.00,731.00,67.00
25.402,,-56.69,63.93,1304.46,7.41,-12.08,176.99,7.00,538.00,731.00,67.00
25.455,,-56.65,62.35,1294.18,6.32,-10.04,-175.81,7.00,538.00,731.00,67.00
25.511,,-57.73,61.00,1310.26,6.87,-11.17,-179.35,7.00,538.00,731.00,67.00
25.562,,-58.71,56.80,1311.82,6.08,5.74,174.09,7.00,538.00,731.00,67.00
25.610,,-59.47,52.96,1311.26,6.09,5.83,174.30,7.00,538.00,731.00,67.00
25.657,,-60.77,50.47,1312.09,6.84,-3.73,169.55,7.00,538.00,731.00,67.00
25.704,,-61.40,49.12,1321.61,7.55,-6.09,170.96,7.00,538.00,731.00,67.00
25.749,,-62.50,47.27,1332.04,6.54,-3.74,-177.96,7.00,538.00,731.00,67.00
25.795,,-62.31,46.03,1330.53,7.12,5.23,-179.35,7.00,538.00,731.00,67.00
25.840,,-63.01,44.59,1338.82,7.01,-6.09,-176.93,7.00,538.00,731.00,67.00
25.886,,-62.27,43.12,1322.20,7.28,-1.62,-170.13,7.00,538.00,731.00,67.00
25.934,,-62.42,43.34,1329.01,7.24,1.15,-171.10,7.00,538.00,731.00,67.00
25.980,,-62.18,42.50,1320.07,7.65,-0.53,-167.79,7.00,538.00,731.00,67.00
26.025,,-62.95,43.10,1333.23,7.01,-3.64,165.58,7.00,538.00,731.00,67.00
26.071,,-63.41,43.70,1339.31,8.04,-6.25,167.25,7.00,538.00,731.00,67.00
26.118,,-63.85,44.57,1340.23,7.31,-6.51,174.50,7.00,538.00,731.00,67.00
26.164,,-64.41,45.84,1348.14,7.78,-8.83,178.03,7.00,538.00,731.00,67.00
26.209,,-64.60,46.82,1344.14,7.77,-8.94,170.41,7.00,538.00,731.00,67.00
26.257,,-64.24,47.74,1340.50,7.15,-7.35,179.76,7.00,538.00,731.00,67.00
26.304,,-63.74,47.58,1331.23,8.14,-14.92,174.60,7.00,538.00,731.00,67.00
26.352,,-64.74,49.02,1348.88,8.12,5.18,-179.39,7.00,538.00,731.00,67.00
26.397,,-63.78,49.27,1337.54,7.73,0.77,-170.76,7.00,538.00,731.00,67.00
26.442,,-63.14,48.81,1338.58,8.33,-10.61,174.15,7.00,538.00,731.00,67.00
26.490,,-63.58,48.79,1341.52,7.36,1.47,-175.47,7.00,538.00,731.00,67.00
26.537,,-62.67,48.53,1340.50,7.14,-7.24,179.86,7.00,538.00,731.00,67.00
26.585,,-62.35,48.03,1338.49,8.32,-10.60,174.23,7.00,538.00,731.00,67.00
26.632,,-62.80,47.20,1332.02,6.12,10.44,175.98,7.00,538.00,731.00,67.00
26.680,,-62.75,46.28,1329.56,7.52,-5.93,166.64,7.00,538.00,731.00,67.00
26.729,,-62.75,46.28,1329.56,7.52,-5.93,166.64,7.00,538.00,731.00,67.00
26.752,,-62.41,46.44,1329.14,7.24,1.16,-171.14,8.00,900.00,512.00,77.00
26.797,,-62.82,46.64,1348.19,7.77,-8.73,178.11,8.00,900.00,512.00,77.00
26.843,,-61.87,46.18,1340.13,7.13,-7.34,179.95,8.00,900.00,512.00,77.00
26.889,,-62.10,46.37,1344.27,7.06,-3.03,-172.74,8.00,900.00,512.00,77.00
26.936,,-61.80,46.58,1340.50,6.76,6.07,-178.80,8.00,900.00,512.00,77.00
26.983,,-60.95,46.70,1331.67,6.83,-0.89,-174.20,8.00,900.00,512.00,77.00
27.030,,-61.29,46.95,1340.91,7.41,-10.67,174.40,8.00,900.00,512.00,77.00
27.079,,-61.23,47.50,1335.32,7.27,-9.28,171.11,8.00,900.00,512.00,77.00
27.125,,-61.29,47.73,1341.02,7.42,-10.64,174.36,8.00,900.00,512.00,77.00
27.171,,-61.09,47.75,1340.29,7.13,-7.23,179.98,8.00,900.00,512.00,77.00
27.219,,-58.12,45.73,1332.90,6.22,5.37,-179.45,8.00,900.00,512.00,77.00
27.267,,-52.88,41.73,1322.73,6.43,-12.84,178.34,8.00,900.00,512.00,77.00
27.314,,-45.64,36.68,1320.17,5.41,-11.18,-178.50,8.00,900.00,512.00,77.00
27.449,,-9.86,12.87,1280.58,-0.10,9.22,166.34,8.00,900.00,512.00,77.00
27.493,,3.04,5.03,1248.58,-3.02,10.03,162.86,8.00,900.00,512.00,77.00
27.539,,16.24,-2.66,1219.52,-5.46,-8.05,-159.28,8.00,900.00,512.00,77.00
27.596,,35.96,-14.55,1224.01,-7.24,-6.36,-159.97,8.00,900.00,512.00,77.00
27.641,,67.64,-33.50,1167.14,-12.04,-7.25,-155.43,8.00,900.00,512.00,77.00
27.687,,84.79,-42.01,1167.65,-12.31,-2.97,-153.25,8.00,900.00,512.00,77.00
27.731,,96.01,-46.79,1204.45,-13.81,2.53,-158.92,8.00,900.00,512.00,77.00
27.779,,113.86,-55.40,1215.40,-15.16,7.21,-158.92,8.00,900.00,512.00,77.00
27.821,,127.16,-60.68,1207.43,-16.37,6.64,-159.89,8.00,900.00,512.00,77.00
27.882,,143.68,-65.47,1203.92,-19.40,8.57,-161.90,8.00,900.00,512.00,77.00
27.927,,146.59,-66.63,1211.50,-19.57,6.86,-162.56,8.00,900.00,512.00,77.00
27.971,,151.32,-67.32,1195.40,-21.44,8.58,161.69,8.00,900.00,512.00,77.00
28.016,,163.01,-67.88,1190.69,-23.17,7.54,160.81,8.00,900.00,512.00,77.00
28.059,,165.62,-66.51,1180.54,-24.33,8.85,-159.78,8.00,900.00,512.00,77.00
28.104,,167.70,-66.15,1180.30,-24.35,9.76,-157.83,8.00,900.00,512.00,77.00
28.149,,170.77,-65.83,1184.24,-24.91,9.60,160.89,8.00,900.00,512.00,77.00
28.192,,171.28,-64.43,1173.42,-25.10,9.17,-160.11,8.00,900.00,512.00,77.00
28.237,,171.52,-64.00,1168.96,-25.46,8.95,156.99,8.00,900.00,512.00,77.00
28.283,,177.16,-65.94,1204.66,-25.72,10.59,159.52,8.00,900.00,512.00,77.00
28.326,,177.91,-65.96,1204.89,-25.84,11.24,159.53,8.00,900.00,512.00,77.00
28.371,,180.13,-67.43,1205.15,-25.89,11.65,159.65,8.00,900.00,512.00,77.00
28.415,,175.47,-66.11,1162.50,-26.18,9.04,157.14,8.00,900.00,512.00,77.00
28.459,,178.45,-67.25,1176.35,-25.63,8.71,158.44,8.00,900.00,512.00,77.00
28.504,,179.79,-68.59,1168.91,-26.36,8.74,158.40,8.00,900.00,512.00,77.00
28.549,,178.93,-68.75,1153.17,-25.16,8.27,153.64,8.00,900.00,512.00,77.00
28.593,,182.68,-69.96,1164.91,-26.72,9.32,156.88,8.00,900.00,512.00,77.00
28.638,,187.34,-71.37,1164.40,-27.60,7.98,156.28,8.00,900.00,512.00,77.00
28.681,,193.14,-72.94,1178.44,-28.07,10.36,159.92,8.00,900.00,512.00,77.00
28.726,,197.30,-73.12,1182.27,-28.63,9.42,-162.76,8.00,900.00,512.00,77.00
28.768,,197.53,-72.91,1170.86,-28.72,9.11,157.78,8.00,900.00,512.00,77.00
28.810,,201.21,-73.66,1173.79,-28.41,8.26,157.16,8.00,900.00,512.00,77.00
28.853,,205.11,-73.93,1168.80,-29.65,8.11,156.93,8.00,900.00,512.00,77.00
28.896,,207.97,-74.27,1171.01,-29.29,7.74,158.06,8.00,900.00,512.00,77.00
28.939,,214.54,-75.64,1186.89,-30.66,10.16,160.88,8.00,900.00,512.00,77.00
28.982,,215.15,-76.33,1183.33,-30.11,9.39,158.70,8.00,900.00,512.00,77.00
29.025,,216.75,-76.51,1190.40,-30.44,12.72,-164.46,8.00,900.00,512.00,77.00
29.068,,216.56,-77.11,1189.96,-30.23,8.42,160.28,8.00,900.00,512.00,77.00
29.112,,215.42,-77.42,1189.59,-30.29,8.78,160.18,8.00,900.00,512.00,77.00
29.155,,214.42,-78.10,1191.90,-29.86,6.99,159.50,8.00,900.00,512.00,77.00
29.200,,213.69,-78.68,1195.92,-29.95,10.31,161.27,8.00,900.00,512.00,77.00
29.242,,212.94,-78.78,1199.07,-29.68,12.54,-164.12,8.00,900.00,512.00,77.00
29.287,,211.82,-79.75,1201.50,-29.11,6.76,160.01,8.00,900.00,512.00,77.00
29.332,,206.67,-78.59,1192.01,-28.54,13.17,-161.53,8.00,900.00,512.00,77.00
29.377,,208.12,-80.24,1207.32,-28.75,8.11,160.87,8.00,900.00,512.00,77.00
29.420,,208.22,-80.72,1215.36,-29.08,11.73,164.02,8.00,900.00,512.00,77.00
29.462,,205.76,-80.04,1214.34,-28.19,13.93,-167.30,8.00,900.00,512.00,77.00
29.505,,205.64,-80.84,1220.50,-27.65,8.28,166.11,8.00,900.00,512.00,77.00
29.553,,201.47,-81.38,1215.26,-28.02,9.07,163.42,8.00,900.00,512.00,77.00
29.646,,202.27,-83.17,1228.82,-26.88,8.14,166.45,8.00,900.00,512.00,77.00
29.700,,200.60,-83.47,1226.07,-26.02,13.70,-166.32,8.00,900.00,512.00,77.00
29.745,,198.37,-83.86,1221.23,-26.79,10.26,-165.68,8.00,900.00,512.00,77.00
29.790,,198.93,-84.34,1228.15,-27.00,10.94,-167.60,8.00,900.00,512.00,77.00
29.837,,196.26,-84.36,1220.12,-26.65,8.72,164.08,8.00,900.00,512.00,77.00
29.886,,196.19,-83.84,1221.30,-26.78,10.20,-165.64,8.00,900.00,512.00,77.00
29.934,,194.62,-82.98,1217.27,-26.19,11.53,-162.95,8.00,900.00,512.00,77.00
29.982,,195.06,-83.00,1220.14,-25.79,12.51,-164.58,8.00,900.00,512.00,77.00
30.028,,195.06,-83.00,1220.14,-25.79,12.51,-164.58,8.00,900.00,512.00,77.00
30.075,,196.15,-83.71,1224.01,-26.33,7.28,163.49,8.00,900.00,512.00,77.00
30.121,,197.67,-83.68,1232.01,-26.59,12.75,-170.44,8.00,900.00,512.00,77.00
30.174,,196.15,-83.71,1224.01,-26.33,7.28,163.49,8.00,900.00,512.00,77.00
30.221,,198.61,-84.60,1240.16,-25.81,12.71,-170.29,8.00,900.00,512.00,77.00
30.269,,195.06,-83.00,1220.14,-25.79,12.51,-164.58,8.00,900.00,512.00,77.00
30.319,,193.91,-83.19,1213.58,-26.51,8.63,160.16,8.00,900.00,512.00,77.00
30.366,,195.06,-83.00,1220.14,-25.79,12.51,-164.58,8.00,900.00,512.00,77.00
30.414,,196.65,-83.89,1229.53,-26.00,9.51,164.55,8.00,900.00,512.00,77.00
30.462,,197.59,-83.78,1233.55,-26.53,8.80,-168.89,8.00,900.00,512.00,77.00
30.508,,197.10,-83.29,1229.39,-26.02,10.08,-165.51,8.00,900.00,512.00,77.00
30.555,,197.10,-83.29,1229.39,-26.02,10.08,-165.51,8.00,900.00,512.00,77.00
30.603,,196.43,-82.83,1225.09,-26.40,7.66,-166.40,8.00,900.00,512.00,77.00
30.653,,196.43,-82.83,1225.09,-26.40,7.66,-166.40,8.00,900.00,512.00,77.00
30.701,,197.10,-83.29,1229.39,-26.02,10.08,-165.51,8.00,900.00,512.00,77.00
30.747,,197.10,-83.29,1229.39,-26.02,10.08,-165.51,8.00,900.00,512.00,77.00
30.793,,197.59,-83.78,1233.55,-26.53,8.80,-168.89,8.00,900.00,512.00,77.00
30.840,,198.92,-84.29,1240.79,-26.76,9.35,-171.52,8.00,900.00,512.00,77.00
30.886,,197.10,-83.29,1229.39,-26.02,10.08,-165.51,8.00,900.00,512.00,77.00
30.932,,197.10,-83.29,1229.39,-26.02,10.08,-165.51,8.00,900.00,512.00,77.00
30.977,,196.58,-82.73,1223.92,-26.40,12.35,-164.58,8.00,900.00,512.00,77.00
31.024,,195.34,-82.27,1217.29,-26.19,11.54,-162.98,8.00,900.00,512.00,77.00
31.069,,196.18,-82.39,1221.38,-26.78,10.18,-165.68,8.00,900.00,512.00,77.00
31.115,,196.68,-82.43,1224.60,-26.39,11.21,-167.67,8.00,900.00,512.00,77.00
31.160,,198.32,-83.06,1233.57,-26.53,8.81,-168.92,8.00,900.00,512.00,77.00
31.206,,198.32,-83.06,1233.57,-26.53,8.81,-168.92,8.00,900.00,512.00,77.00
31.252,,196.61,-82.65,1224.80,-26.38,11.49,164.99,8.00,900.00,512.00,77.00
31.296,,197.33,-82.75,1229.23,-26.02,11.30,167.67,8.00,900.00,512.00,77.00
31.339,,197.91,-82.82,1232.77,-25.59,8.43,166.62,8.00,900.00,512.00,77.00
31.385,,197.91,-82.82,1232.77,-25.59,8.43,166.62,8.00,900.00,512.00,77.00
31.432,,196.07,-81.55,1217.31,-26.20,11.54,-163.02,8.00,900.00,512.00,77.00
31.477,,197.82,-82.60,1220.82,-26.71,9.13,164.14,8.00,900.00,512.00,77.00
31.521,,199.28,-82.62,1220.78,-26.72,9.21,164.10,8.00,900.00,512.00,77.00
31.567,,200.01,-82.62,1220.76,-26.72,9.25,164.08,8.00,900.00,512.00,77.00
31.612,,203.01,-83.17,1228.81,-26.88,8.18,166.43,8.00,900.00,512.00,77.00
31.657,,204.91,-83.30,1230.99,-26.64,13.76,-166.83,8.00,900.00,512.00,77.00
31.703,,205.64,-83.59,1232.46,-27.53,10.46,169.99,8.00,900.00,512.00,77.00
31.751,,205.95,-83.20,1228.74,-26.89,8.35,166.37,8.00,900.00,512.00,77.00
31.854,,207.82,-83.27,1232.24,-27.51,8.73,166.03,8.00,900.00,512.00,77.00
31.899,,208.56,-83.28,1232.22,-27.51,8.77,166.02,8.00,900.00,512.00,77.00
31.944,,209.55,-83.65,1234.79,-28.07,8.60,165.47,8.00,900.00,512.00,77.00
31.990,,210.16,-83.68,1238.26,-27.70,7.66,168.01,8.00,900.00,512.00,77.00
32.035,,207.74,-82.01,1219.33,-27.76,13.10,-165.16,8.00,900.00,512.00,77.00
32.082,,209.30,-83.29,1232.20,-27.52,8.82,166.00,8.00,900.00,512.00,77.00
32.127,,209.30,-83.29,1232.20,-27.52,8.82,166.00,8.00,900.00,512.00,77.00
32.171,,207.76,-83.41,1223.25,-28.27,11.40,164.09,8.00,900.00,512.00,77.00
32.216,,210.16,-84.48,1236.11,-28.04,8.34,166.06,8.00,900.00,512.00,77.00
32.261,,209.17,-84.36,1231.38,-27.49,7.70,162.98,8.00,900.00,512.00,77.00
32.305,,210.73,-84.78,1241.09,-27.75,10.97,-166.00,8.00,900.00,512.00,77.00
32.352,,211.71,-85.84,1248.51,-27.94,10.61,169.86,8.00,900.00,512.00,77.00
32.398,,211.71,-85.84,1248.51,-27.94,10.61,169.86,8.00,900.00,512.00,77.00
32.442,,211.71,-85.84,1248.51,-27.94,10.61,169.86,8.00,900.00,512.00,77.00
32.488,,211.71,-85.84,1248.51,-27.94,10.61,169.86,8.00,900.00,512.00,77.00
32.533,,211.71,-85.84,1248.51,-27.94,10.61,169.86,8.00,900.00,512.00,77.00
32.578,,211.71,-85.84,1248.51,-27.94,10.61,169.86,8.00,900.00,512.00,77.00
32.623,,211.71,-85.84,1248.51,-27.94,10.61,169.86,8.00,900.00,512.00,77.00
32.669,,209.21,-85.13,1235.01,-28.13,11.73,164.03,8.00,900.00,512.00,77.00
32.715,,207.86,-84.66,1228.01,-27.87,9.45,163.73,8.00,900.00,512.00,77.00
32.760,,209.96,-85.16,1240.94,-27.71,9.22,-169.15,8.00,900.00,512.00,77.00
32.806,,207.56,-84.04,1227.83,-27.91,11.04,-165.74,8.00,900.00,512.00,77.00
32.851,,206.19,-83.54,1220.73,-27.70,10.41,-163.97,8.00,900.00,512.00,77.00
32.896,,209.96,-85.16,1240.94,-27.71,9.22,-169.15,8.00,900.00,512.00,77.00
32.939,,209.21,-85.13,1235.01,-28.13,11.73,164.03,8.00,900.00,512.00,77.00
32.985,,209.21,-85.13,1235.01,-28.13,11.73,164.03,8.00,900.00,512.00,77.00
33.030,,209.21,-85.13,1235.01,-28.13,11.73,164.03,8.00,900.00,512.00,77.00
33.074,,209.21,-85.13,1235.01,-28.13,11.73,164.03,8.00,900.00,512.00,77.00
33.119,,209.43,-85.20,1236.08,-28.03,8.32,166.12,8.00,900.00,512.00,77.00
33.141,,209.43,-85.20,1236.08,-28.03,8.32,166.12,9.00,309.00,262.00,75.00
33.185,,209.43,-85.20,1236.08,-28.03,8.32,166.12,9.00,309.00,262.00,75.00
33.230,,209.43,-85.20,1236.08,-28.03,8.32,166.12,9.00,309.00,262.00,75.00
33.273,,209.96,-85.16,1240.94,-27.71,9.22,-169.15,9.00,309.00,262.00,75.00
33.318,,209.96,-85.16,1240.94,-27.71,9.22,-169.15,9.00,309.00,262.00,75.00
33.362,,209.96,-85.16,1240.94,-27.71,9.22,-169.15,9.00,309.00,262.00,75.00
33.409,,207.86,-84.66,1228.01,-27.87,9.45,163.73,9.00,309.00,262.00,75.00
33.453,,209.21,-85.13,1235.01,-28.13,11.73,164.03,9.00,309.00,262.00,75.00
33.495,,210.91,-85.72,1243.84,-28.29,10.99,166.59,9.00,309.00,262.00,75.00
33.540,,211.71,-85.84,1248.51,-27.94,10.61,169.86,9.00,309.00,262.00,75.00
33.585,,211.71,-85.84,1248.51,-27.94,10.61,169.86,9.00,309.00,262.00,75.00
33.630,,214.61,-87.66,1273.09,-27.90,10.41,177.54,9.00,309.00,262.00,75.00
33.672,,205.07,-86.80,1249.65,-26.92,9.02,-168.91,9.00,309.00,262.00,75.00
33.716,,199.97,-87.06,1240.67,-26.71,8.37,166.55,9.00,309.00,262.00,75.00
33.761,,195.29,-87.61,1235.76,-26.16,7.45,163.57,9.00,309.00,262.00,75.00
33.804,,182.61,-91.92,1238.67,-24.77,6.94,164.00,9.00,309.00,262.00,75.00
33.852,,170.78,-98.07,1250.69,-22.57,6.17,165.35,9.00,309.00,262.00,75.00
33.900,,158.31,-99.59,1226.44,-20.78,5.97,159.44,9.00,309.00,262.00,75.00
33.989,,91.01,-125.47,1222.00,-12.54,0.95,-148.35,9.00,309.00,262.00,75.00
34.033,,82.16,-126.43,1198.21,-11.08,10.29,155.05,9.00,309.00,262.00,75.00
34.123,,13.26,-157.62,1179.95,-1.36,6.39,157.46,9.00,309.00,262.00,75.00
34.169,,0.32,-161.62,1161.57,-0.08,6.28,155.55,9.00,309.00,262.00,75.00
34.215,,-48.76,-199.73,1247.06,0.36,-14.45,-142.91,9.00,309.00,262.00,75.00
34.263,,-65.90,-204.90,1212.30,5.65,7.48,159.36,9.00,309.00,262.00,75.00
34.306,,-75.74,-211.02,1212.92,1.94,-17.13,-139.50,9.00,309.00,262.00,75.00
34.393,,-104.17,-227.25,1209.44,3.49,-20.45,-137.36,9.00,309.00,262.00,75.00
34.445,,-122.59,-237.98,1200.63,3.09,-24.29,-135.94,9.00,309.00,262.00,75.00
34.491,,-145.04,-251.97,1193.30,12.08,10.17,156.88,9.00,309.00,262.00,75.00
34.537,,-152.49,-254.98,1187.07,4.11,-29.72,-133.76,9.00,309.00,262.00,75.00
34.585,,-156.13,-257.00,1179.64,12.80,11.10,156.11,9.00,309.00,262.00,75.00
34.631,,-163.90,-261.35,1183.17,6.09,-31.40,-134.33,9.00,309.00,262.00,75.00
34.678,,-165.20,-261.27,1172.29,14.71,11.54,156.85,9.00,309.00,262.00,75.00
34.726,,-166.33,-260.87,1165.55,14.99,9.54,155.03,9.00,309.00,262.00,75.00
34.776,,-166.88,-259.03,1157.23,15.18,10.54,154.76,9.00,309.00,262.00,75.00
34.824,,-166.96,-257.10,1151.65,7.03,-32.15,-131.29,9.00,309.00,262.00,75.00
34.874,,-171.11,-261.88,1172.97,7.38,-31.60,-132.60,9.00,309.00,262.00,75.00
34.922,,-170.13,-257.76,1148.92,15.14,9.08,152.26,9.00,309.00,262.00,75.00
34.971,,-173.22,-260.68,1162.72,15.71,9.04,153.87,9.00,309.00,262.00,75.00
35.023,,-174.88,-261.70,1168.02,16.23,9.11,153.80,9.00,309.00,262.00,75.00
35.077,,-177.00,-261.76,1168.21,16.22,9.02,153.78,9.00,309.00,262.00,75.00
35.129,,-179.27,-261.95,1168.12,16.16,10.34,154.60,9.00,309.00,262.00,75.00
35.182,,-178.25,-259.48,1157.03,15.83,9.58,152.45,9.00,309.00,262.00,75.00
35.234,,-181.42,-262.37,1170.74,16.42,9.57,154.08,9.00,309.00,262.00,75.00
35.283,,-182.82,-260.91,1173.04,17.28,11.04,156.74,9.00,309.00,262.00,75.00
35.332,,-182.57,-255.59,1162.57,8.56,-34.18,-134.27,9.00,309.00,262.00,75.00
35.382,,-186.82,-258.95,1185.46,16.95,9.53,155.49,9.00,309.00,262.00,75.00
35.431,,-187.01,-255.90,1185.70,17.57,10.27,157.83,9.00,309.00,262.00,75.00
35.484,,-189.14,-255.69,1205.02,9.51,-33.37,-139.09,9.00,309.00,262.00,75.00
35.536,,-190.23,-256.46,1218.01,18.02,10.74,161.49,9.00,309.00,262.00,75.00
35.587,,-189.97,-255.18,1224.76,10.27,-34.96,-144.04,9.00,309.00,262.00,75.00
35.637,,-187.35,-251.20,1213.81,9.60,-35.21,-141.93,9.00,309.00,262.00,75.00
35.687,,-190.10,-254.37,1236.43,10.20,-32.72,-143.44,9.00,309.00,262.00,75.00
35.738,,-190.19,-253.98,1237.09,18.20,10.86,164.38,9.00,309.00,262.00,75.00
35.788,,-190.76,-254.46,1243.35,9.66,-34.25,-144.79,9.00,309.00,262.00,75.00
35.840,,-192.08,-256.73,1254.41,9.73,-35.12,-145.96,9.00,309.00,262.00,75.00
35.887,,-190.65,-256.31,1248.58,18.27,10.61,165.28,9.00,309.00,262.00,75.00
35.937,,-190.63,-256.84,1248.46,10.20,-34.54,-144.89,9.00,309.00,262.00,75.00
35.993,,-191.78,-259.21,1253.35,19.53,11.43,166.83,9.00,309.00,262.00,75.00
36.046,,-192.84,-261.25,1257.63,19.29,13.59,167.31,9.00,309.00,262.00,75.00
36.095,,-193.94,-263.13,1256.36,11.14,-36.39,-148.66,9.00,309.00,262.00,75.00
36.142,,-194.77,-264.36,1252.97,19.19,11.65,165.90,9.00,309.00,262.00,75.00
36.191,,-196.86,-267.12,1265.18,10.88,-33.77,-145.54,9.00,309.00,262.00,75.00
36.239,,-196.36,-265.74,1252.16,19.51,12.64,166.28,9.00,309.00,262.00,75.00
36.288,,-197.02,-267.26,1256.59,10.44,-36.74,-147.10,9.00,309.00,262.00,75.00
36.336,,-196.23,-267.02,1250.02,20.18,13.26,167.58,9.00,309.00,262.00,75.00
36.387,,-194.89,-265.74,1244.10,11.36,-36.52,-148.67,9.00,309.00,262.00,75.00
36.436,,-197.96,-271.21,1263.34,19.65,12.47,167.44,9.00,309.00,262.00,75.00
36.483,,-195.97,-268.75,1251.86,19.57,12.69,166.50,9.00,309.00,262.00,75.00
36.531,,-195.29,-268.17,1250.10,11.39,-36.83,-147.40,9.00,309.00,262.00,75.00
36.579,,-196.25,-270.35,1258.51,11.74,-34.04,-145.78,9.00,309.00,262.00,75.00
36.628,,-197.14,-271.39,1264.23,19.34,11.40,167.12,9.00,309.00,262.00,75.00
36.676,,-196.79,-271.15,1263.10,19.64,12.46,167.35,9.00,309.00,262.00,75.00
36.724,,-196.59,-270.41,1263.30,11.13,-35.81,-147.07,9.00,309.00,262.00,75.00
36.770,,-195.49,-268.71,1256.27,10.39,-36.69,-146.98,9.00,309.00,262.00,75.00
36.819,,-195.60,-268.36,1255.52,19.75,13.21,168.72,9.00,309.00,262.00,75.00
36.846,,-195.14,-267.96,1253.68,20.04,14.25,168.88,10.00,451.00,718.00,88.00
